_id,step,type,amount,nameOrig,newbalanceOrig,nameDest,newbalanceDest,oldbalanceOrg,oldbalanceDest,predict
66ee98013b1574840b4e492f,1,PAYMENT,3380.1,C247515192,16180.11,M1850137076,0,19560.21,0,White List
66ee98023b1574840b4e4930,1,DEBIT,2869.65,C1556520190,5898.35,C1664439369,5484.37,8768,15485,White List
66ee98023b1574840b4e4931,1,PAYMENT,1658.87,C701487403,14884.13,M566641954,0,16543,0,White List
66ee98023b1574840b4e4932,1,PAYMENT,823.36,C2039984535,14060.77,M299819831,0,14884.13,0,White List
66ee98023b1574840b4e4933,1,PAYMENT,7541.47,C1175418534,6519.3,M1442038800,0,14060.77,0,White List
66ee98033b1574840b4e4934,1,DEBIT,3635.93,C296541232,103293.07,C288665596,8496.61,106929,95816.79,White List
66ee98033b1574840b4e4935,1,PAYMENT,1328.59,C1997357673,13140.41,M1250603112,0,14469,0,White List
66ee98033b1574840b4e4936,1,TRANSFER,56145.85,C26357357,0,C1058634310,33008.44,21528,5075,White List
66ee98033b1574840b4e4937,1,PAYMENT,973.18,C1990733619,9788.82,M1806378373,0,10762,0,White List
66ee98033b1574840b4e4938,1,PAYMENT,619.24,C1958592872,31340.76,M1682733268,0,31960,0,White List
66ee98033b1574840b4e4939,1,DEBIT,300.41,C1395262169,38866.59,C736709391,46820.71,39167,48749.55,White List
66ee98033b1574840b4e493a,1,TRANSFER,700967.19,C1629454900,0,C1060830840,130747.56,15383,50767.43,White List
66ee98033b1574840b4e493b,1,PAYMENT,8354.27,C2075372030,0,M2092885124,0,5611,0,White List
66ee98033b1574840b4e493c,1,DEBIT,5423.28,C2139168000,14857.72,C367746789,0,20281,11523,White List
66ee98033b1574840b4e493d,1,PAYMENT,708.59,C1653751526,14149.13,M67671827,0,14857.72,0,White List
66ee98033b1574840b4e493e,1,PAYMENT,8358.81,C253348306,0,M2013768748,0,3467,0,White List
66ee98033b1574840b4e493f,1,PAYMENT,2245.62,C194107588,28664.38,M1264674474,0,30910,0,White List
66ee98043b1574840b4e4940,1,PAYMENT,4593.59,C175595853,73688.41,M1339345635,0,78282,0,White List
66ee98043b1574840b4e4941,1,PAYMENT,399.66,C1241938981,153360.34,M168957945,0,153760,0,White List
66ee98043b1574840b4e4942,1,PAYMENT,1617.9,C1004430079,506247.1,M1379148981,0,507865,0,White List
66ee98043b1574840b4e4943,1,PAYMENT,2167.26,C732597634,11501.74,M832432849,0,13669,0,White List
66ee98043b1574840b4e4944,1,PAYMENT,9738.95,C2031927175,280009.05,M176041373,0,289748,0,White List
66ee98043b1574840b4e4945,1,PAYMENT,3396.25,C1967617997,15127.75,M726843606,0,18524,0,White List
66ee98043b1574840b4e4946,1,PAYMENT,6780.78,C925803196,45859.22,M1288135425,0,52640,0,White List
66ee98043b1574840b4e4947,1,PAYMENT,2284.54,C49318987,0,M1058650291,0,539,0,White List
66ee98043b1574840b4e4948,1,PAYMENT,502.61,C2111882926,14653.39,M172518776,0,15156,0,White List
66ee98043b1574840b4e4949,1,PAYMENT,8716.47,C215759534,0,M2129844134,0,8236,0,White List
66ee98043b1574840b4e494a,1,CASH_OUT,209370.56,C98351968,0,C885951223,215851.28,0,236285.04,White List
66ee98043b1574840b4e494b,1,CASH_OUT,117023.79,C1278616846,0,C22805895,651524.92,0,121366.44,White List
66ee98053b1574840b4e494c,1,PAYMENT,10891.96,C559050604,0,M1240843015,0,4986.72,0,White List
66ee98053b1574840b4e494d,1,PAYMENT,4149.86,C697460450,0,M1416706187,0,0,0,White List
66ee98053b1574840b4e494e,1,PAYMENT,13252.81,C1726616678,0,M23076423,0,0,0,White List
66ee98063b1574840b4e494f,1,PAYMENT,1213.64,C1006624255,84864.36,M1721180011,0,86078,0,White List
66ee98073b1574840b4e4950,1,PAYMENT,5800.85,C1349025531,35224.15,M1367068823,0,41025,0,White List
66ee98083b1574840b4e4951,1,PAYMENT,8094.53,C338620258,42855.47,M1251788491,0,50950,0,White List
66ee98093b1574840b4e4952,1,PAYMENT,3825.39,C1502668485,268.61,M1457551880,0,4094,0,White List
66ee980a3b1574840b4e4953,1,PAYMENT,12162.01,C903268937,26210.19,M424732838,0,38372.2,0,White List
66ee980b3b1574840b4e4954,1,CASH_OUT,472385.25,C1193841543,0,C392292416,3420103.09,26210.19,1541224.63,White List
66ee980c3b1574840b4e4955,1,PAYMENT,13427.34,C315461968,89244.66,M290096578,0,102672,0,White List
66ee980d3b1574840b4e4956,1,PAYMENT,1873.13,C255941269,137999.87,M217470033,0,139873,0,White List
66ee980e3b1574840b4e4957,1,PAYMENT,6443.58,C1917784974,0,M938405008,0,546,0,White List
66ee980f3b1574840b4e4958,1,PAYMENT,4008.01,C855547146,101380.99,M211031000,0,105389,0,White List
66ee98103b1574840b4e4959,1,CASH_OUT,197186.52,C105751207,0,C998351292,1015132.48,101380.99,362142.37,White List
66ee98113b1574840b4e495a,1,PAYMENT,1220.37,C1174881426,158570.63,M14124949,0,159791,0,White List
66ee98123b1574840b4e495b,1,DEBIT,1683.95,C745627268,15057.05,C1686100174,9837.06,16741,11346.62,White List
66ee98133b1574840b4e495c,1,PAYMENT,2713.67,C1195542839,17496.33,M1000171161,0,20210,0,White List
66ee98143b1574840b4e495d,1,PAYMENT,4867.56,C130721104,25985.64,M560549459,0,30853.2,0,White List
66ee98153b1574840b4e495e,1,CASH_OUT,242940.23,C1924227192,0,C453211571,3461666.05,25985.64,1274680.48,White List
66ee98163b1574840b4e495f,1,PAYMENT,4433.98,C583559449,6497.02,M1895479349,0,10931,0,White List
66ee98173b1574840b4e4960,1,PAYMENT,2168.8,C453671855,651566.2,M1648458262,0,653735,0,White List
66ee98183b1574840b4e4961,1,PAYMENT,10059.7,C52451302,716.3,M650013863,0,10776,0,White List
66ee98193b1574840b4e4962,1,PAYMENT,8092.1,C1856093404,0,M123337428,0,1302,0,White List
66ee981a3b1574840b4e4963,1,PAYMENT,11770.54,C105321150,243717.46,M1397333381,0,255488,0,White List
66ee981b3b1574840b4e4964,1,PAYMENT,1576.78,C820878444,16840.22,M2016038911,0,18417,0,White List
66ee981c3b1574840b4e4965,1,PAYMENT,320.53,C1187410086,16161.47,M1509713998,0,16482,0,White List
66ee981d3b1574840b4e4966,1,DEBIT,3390.74,C95322593,44630.26,C1336996537,0,48021,9463,White List
66ee981e3b1574840b4e4967,1,PAYMENT,2736.35,C802255644,19890.19,M1525114112,0,22626.55,0,White List
66ee981f3b1574840b4e4968,1,PAYMENT,6029.92,C1617156106,13860.27,M288615534,0,19890.19,0,White List
66ee98203b1574840b4e4969,1,PAYMENT,7506.65,C895366343,6353.62,M1416665097,0,13860.27,0,White List
66ee98213b1574840b4e496a,1,PAYMENT,12621.09,C707635461,99799.91,M619929778,0,112421,0,White List
66ee98223b1574840b4e496b,1,PAYMENT,1582.67,C1624211687,12945.33,M808447015,0,14528,0,White List
66ee98233b1574840b4e496c,1,PAYMENT,881.26,C1997344422,4504.74,M1220806149,0,5386,0,White List
66ee98243b1574840b4e496d,1,DEBIT,4651.67,C1410367298,30558.33,C824208363,0,35210,50204.54,White List
66ee98253b1574840b4e496e,1,PAYMENT,8074.16,C454160179,13420.84,M74885833,0,21495,0,White List
66ee98263b1574840b4e496f,1,PAYMENT,4337.08,C1827303532,9083.76,M1004009692,0,13420.84,0,White List
66ee98273b1574840b4e4970,1,DEBIT,429.42,C791408866,45634.58,C1793436274,14566.06,46064,31281,White List
66ee98283b1574840b4e4971,1,PAYMENT,7645.96,C515520300,0,M569138567,0,1798,0,White List
66ee98293b1574840b4e4972,1,TRANSFER,221654.28,C637091966,0,C476800120,49864.36,22377,31493.45,White List
66ee982a3b1574840b4e4973,1,PAYMENT,10932.41,C1428494531,0,M443110940,0,0,0,White List
66ee982b3b1574840b4e4974,1,PAYMENT,4518.42,C1504321715,4271.58,M910123336,0,8790,0,White List
66ee982c3b1574840b4e4975,1,PAYMENT,1616.52,C1260487756,48779.48,M455668354,0,50396,0,White List
66ee982d3b1574840b4e4976,1,PAYMENT,3545.37,C328197868,94482.63,M1584918772,0,98028,0,White List
66ee982e3b1574840b4e4977,1,CASH_IN,159334.62,C431164562,1906232.33,C242131142,0,1746897.72,15735.13,White List
66ee982f3b1574840b4e4978,1,CASH_OUT,334262.17,C1163088324,1571970.16,C985934102,971418.91,1906232.33,1288904.4,White List
66ee98303b1574840b4e4979,1,PAYMENT,5403.87,C696739588,9000.13,M1209451152,0,14404,0,White List
66ee98313b1574840b4e497a,1,PAYMENT,13288.84,C1228963996,8456.16,M373437697,0,21745,0,White List
66ee98323b1574840b4e497b,1,PAYMENT,7079.24,C82825098,6799.42,M2048102341,0,13878.66,0,White List
66ee98333b1574840b4e497c,1,PAYMENT,4451.95,C932885627,2347.47,M813131188,0,6799.42,0,White List
66ee98343b1574840b4e497d,1,PAYMENT,25554.79,C1251897263,0,M748006558,0,2347.47,0,White List
66ee98353b1574840b4e497e,1,PAYMENT,6757.51,C1313799195,14116.49,M1168079523,0,20874,0,White List
66ee98363b1574840b4e497f,1,PAYMENT,2756.3,C2093319848,25083.17,M2109027570,0,27839.46,0,White List
66ee98373b1574840b4e4980,1,PAYMENT,4163.82,C1151512955,20919.34,M2052489518,0,25083.17,0,White List
66ee98383b1574840b4e4981,1,DEBIT,5416.8,C712423434,45789.2,C1321530272,23174.68,51206,19346,White List
66ee98393b1574840b4e4982,1,PAYMENT,8356.44,C2125470482,18449.56,M793269462,0,26806,0,White List
66ee983a3b1574840b4e4983,1,DEBIT,7257.7,C1641672672,1362013.43,C461160828,17860.54,1369271.13,13711,White List
66ee983b3b1574840b4e4984,1,PAYMENT,5570.5,C2121317689,1356442.93,M15094126,0,1362013.43,0,White List
66ee983c3b1574840b4e4985,1,PAYMENT,9181.99,C1843743552,1347260.94,M1139609587,0,1356442.93,0,White List
66ee983d3b1574840b4e4986,1,PAYMENT,663.34,C948960194,1346597.6,M173060252,0,1347260.94,0,White List
66ee983e3b1574840b4e4987,1,PAYMENT,1532.35,C1302877661,1345065.25,M1720797452,0,1346597.6,0,White List
66ee983f3b1574840b4e4988,1,PAYMENT,1180.55,C562561015,1343884.7,M777813771,0,1345065.25,0,White List
66ee98403b1574840b4e4989,1,PAYMENT,7950.29,C567656864,1335934.41,M1306535359,0,1343884.7,0,White List
66ee98413b1574840b4e498a,1,PAYMENT,5334.81,C1401295795,1330599.59,M519019247,0,1335934.41,0,White List
66ee98423b1574840b4e498b,1,PAYMENT,760.21,C288919635,1329839.38,M1572442646,0,1330599.59,0,White List
66ee98433b1574840b4e498c,1,PAYMENT,1697.56,C1052842393,609035.85,M1545327692,0,610733.41,0,White List
66ee98443b1574840b4e498d,1,PAYMENT,112.56,C167013780,608923.29,M416049054,0,609035.85,0,White List
66ee98453b1574840b4e498e,1,PAYMENT,13373.96,C779598031,595549.33,M743219449,0,608923.29,0,White List
66ee98463b1574840b4e498f,1,DEBIT,6606.47,C108982313,0,C1870252780,46462.23,1862,18868.96,White List
66ee98473b1574840b4e4990,1,CASH_OUT,208501.33,C2113243119,0,C1816757085,10681238.79,0,8698085.64,White List
66ee98483b1574840b4e4991,1,PAYMENT,1045.63,C1851255134,25365.85,M659937029,0,26411.48,0,White List
66ee98493b1574840b4e4992,1,CASH_OUT,363482.02,C1457226878,0,C1899073220,420946.86,25365.85,480622.13,White List
66ee984a3b1574840b4e4993,1,DEBIT,2935.86,C121678773,38320.14,C1259769769,252055.24,41256,18899.88,White List
66ee984b3b1574840b4e4994,1,CASH_IN,88626.65,C1443675930,127709.65,C403147759,0,39083,13360,White List
66ee984c3b1574840b4e4995,1,CASH_OUT,540789.56,C1609086753,0,C1023714065,1412484.09,18130,1538532.42,White List
66ee984d3b1574840b4e4996,1,PAYMENT,10430.39,C1427775702,62934.52,M1468343491,0,73364.91,0,White List
66ee984e3b1574840b4e4997,1,PAYMENT,4279.07,C1690481990,58655.45,M2114537280,0,62934.52,0,White List
66ee984f3b1574840b4e4998,1,PAYMENT,3537.25,C2047984839,55118.2,M80499834,0,58655.45,0,White List
66ee98503b1574840b4e4999,1,TRANSFER,66225.76,C1968552224,0,C367746789,0,11642,16946.28,White List
66ee98513b1574840b4e499a,1,PAYMENT,964.77,C1095947149,27855.23,M898695324,0,28820,0,White List
66ee98523b1574840b4e499b,1,PAYMENT,12178.51,C1402531280,0,M190628410,0,0,0,White List
66ee98533b1574840b4e499c,1,CASH_OUT,310157.55,C1556461159,0,C1590550415,19169204.93,0,19105114.55,White List
66ee98543b1574840b4e499d,1,PAYMENT,2272.54,C1642973315,37221.46,M1972326147,0,39494,0,White List
66ee98553b1574840b4e499e,1,PAYMENT,6078.56,C405741210,10045.44,M1764291958,0,16124,0,White List
66ee98563b1574840b4e499f,1,PAYMENT,4108.8,C1712230656,7974.2,M1777745301,0,12083,0,White List
66ee98573b1574840b4e49a0,1,PAYMENT,2671.31,C164439551,55139.69,M669053685,0,57811,0,White List
66ee98583b1574840b4e49a1,1,PAYMENT,12426.38,C896852376,19873.62,M1840670774,0,32300,0,White List
66ee98593b1574840b4e49a2,1,PAYMENT,17373.04,C229919394,2500.58,M769877691,0,19873.62,0,White List
66ee985a3b1574840b4e49a3,1,PAYMENT,7272.63,C1057569470,78446.37,M1637876401,0,85719,0,White List
66ee985b3b1574840b4e49a4,1,PAYMENT,6548.43,C1324262781,197767.57,M2014233765,0,204316,0,White List
66ee985c3b1574840b4e49a5,1,PAYMENT,2644.63,C237297104,0,M1869673263,0,117,0,White List
66ee985d3b1574840b4e49a6,1,PAYMENT,6776.93,C1418622705,0,M1521204009,0,5031,0,White List
66ee985e3b1574840b4e49a7,1,PAYMENT,1810.41,C1925785585,0,M449338124,0,0,0,White List
66ee985f3b1574840b4e49a8,1,DEBIT,2586.39,C1037475674,27272.61,C392292416,3420103.09,29859,2013609.89,White List
66ee98603b1574840b4e49a9,1,TRANSFER,47564.74,C983767354,0,C1671179293,58319.72,359.21,82250,White List
66ee98613b1574840b4e49aa,1,PAYMENT,5485.04,C32393008,0,M1504083002,0,0,0,White List
66ee98623b1574840b4e49ab,1,DEBIT,2644.54,C1342374939,37050.46,C1948471365,18627.02,39695,63960,White List
66ee98633b1574840b4e49ac,1,PAYMENT,9361.47,C1917562344,22547.53,M24097622,0,31909,0,White List
66ee98643b1574840b4e49ad,1,PAYMENT,1193.24,C1807894765,0,M598325842,0,280,0,White List
66ee98653b1574840b4e49ae,1,DEBIT,9549.7,C211973922,0,C728885526,897150.84,130,36655,White List
66ee98663b1574840b4e49af,1,CASH_OUT,593.4,C1890287843,0,C1123629720,46393.85,0,149933.66,White List
66ee98673b1574840b4e49b0,1,PAYMENT,1122.14,C156711739,29083.86,M1732410217,0,30206,0,White List
66ee98683b1574840b4e49b1,1,TRANSFER,264361.19,C2017860548,0,C716083600,2444985.19,29083.86,1277212.77,White List
66ee98693b1574840b4e49b2,1,PAYMENT,8148.08,C1413886135,0,M1693997031,0,5451,0,White List
66ee986a3b1574840b4e49b3,1,PAYMENT,8264.22,C278262050,164385.78,M1489322191,0,172650,0,White List
66ee986b3b1574840b4e49b4,1,PAYMENT,3393.22,C1029898472,337267.78,M461516748,0,340661,0,White List
66ee986c3b1574840b4e49b5,1,PAYMENT,2392.53,C614580607,101748.47,M1443900956,0,104141,0,White List
66ee986d3b1574840b4e49b6,1,PAYMENT,5324.43,C1934692470,476683.72,M2032647583,0,482008.15,0,White List
66ee986e3b1574840b4e49b7,1,CASH_OUT,160700.51,C1395073533,315983.22,C557041912,557537.26,476683.72,438917.02,White List
66ee986f3b1574840b4e49b8,1,DEBIT,8901.32,C68195659,0,C240650537,0,8687.52,13182.08,White List
66ee98703b1574840b4e49b9,1,CASH_OUT,9864.23,C2142893855,0,C1254526270,0,0,15207.22,White List
66ee98713b1574840b4e49ba,1,PAYMENT,8791.02,C993420850,32538.98,M1374982240,0,41330,0,White List
66ee98723b1574840b4e49bb,1,TRANSFER,35063.63,C1364127192,0,C1136419747,0,35063.63,0,White List
66ee98733b1574840b4e49bc,1,CASH_OUT,35063.63,C1635772897,0,C1983025922,7550.03,35063.63,31140,White List
66ee98743b1574840b4e49bd,1,PAYMENT,1066.04,C1768952842,49173.96,M485686996,0,50240,0,White List
66ee98753b1574840b4e49be,1,DEBIT,5430.64,C989126847,226.11,C1526298704,32092.07,5656.75,244233.08,White List
66ee98763b1574840b4e49bf,1,CASH_OUT,161796.96,C609887969,0,C985934102,971418.91,226.11,1623166.58,White List
66ee98773b1574840b4e49c0,1,CASH_OUT,107292.25,C1298380324,0,C1096283470,0,0,199498.92,White List
66ee98783b1574840b4e49c1,1,PAYMENT,6488.6,C1181545730,76460.4,M1535116392,0,82949,0,White List
66ee98793b1574840b4e49c2,1,PAYMENT,1617.97,C773348567,20465.43,M2115640742,0,22083.39,0,White List
66ee987a3b1574840b4e49c3,1,CASH_OUT,427175.03,C1602167682,0,C248609774,6453430.91,20465.43,3404364.13,White List
66ee987b3b1574840b4e49c4,1,DEBIT,6765.12,C67620673,43551.88,C1122805102,23568.91,50317,16803.8,White List
66ee987c3b1574840b4e49c5,1,DEBIT,3269.72,C1746257394,19636.54,C793315160,139915.18,22906.25,25808.5,White List
66ee987d3b1574840b4e49c6,1,PAYMENT,9499.4,C1187779195,10137.14,M1611221523,0,19636.54,0,White List
66ee987e3b1574840b4e49c7,1,PAYMENT,865.77,C1523510420,0,M473073770,0,0,0,White List
66ee987f3b1574840b4e49c8,1,CASH_OUT,151096.79,C977997405,0,C1049817027,60738.03,0,463533.54,White List
66ee98803b1574840b4e49c9,1,DEBIT,4244.4,C280531669,1810.6,C1360767589,2107965.39,6055,1842542.65,White List
66ee98813b1574840b4e49ca,1,PAYMENT,885.9,C1027569178,924.7,M893835279,0,1810.6,0,White List
66ee98823b1574840b4e49cb,1,PAYMENT,4322.17,C1469907228,46818.83,M57085696,0,51141,0,White List
66ee98833b1574840b4e49cc,1,PAYMENT,7664.12,C1160652496,0,M1185618138,0,129,0,White List
66ee98843b1574840b4e49cd,1,PAYMENT,3644.85,C2030138610,20466.15,M1109752797,0,24111,0,White List
66ee98853b1574840b4e49ce,1,PAYMENT,12462.9,C1988746735,20717.1,M1752856108,0,33180,0,White List
66ee98863b1574840b4e49cf,1,PAYMENT,3014.54,C439232821,12470.46,M1933328958,0,15485,0,White List
66ee98873b1574840b4e49d0,1,PAYMENT,5880.33,C1264754451,5712.67,M1888639813,0,11593,0,White List
66ee98883b1574840b4e49d1,1,PAYMENT,14025.72,C463381475,6283.28,M178401052,0,20309,0,White List
66ee98893b1574840b4e49d2,1,PAYMENT,12187.88,C1441243996,10284.12,M936219350,0,22472,0,White List
66ee988a3b1574840b4e49d3,1,PAYMENT,10777.89,C1495445111,95026.11,M1113829504,0,105804,0,White List
66ee988b3b1574840b4e49d4,1,PAYMENT,708.82,C720770771,42615.18,M1911978617,0,43324,0,White List
66ee988c3b1574840b4e49d5,1,DEBIT,5633.3,C1038820134,56060.7,C1961176822,0,61694,49578,White List
66ee988d3b1574840b4e49d6,1,PAYMENT,2223.41,C1658020779,0,M2022285740,0,17,0,White List
66ee988e3b1574840b4e49d7,1,PAYMENT,2195.63,C988690806,7124.37,M1593368350,0,9320,0,White List
66ee988f3b1574840b4e49d8,1,DEBIT,1668.11,C667890001,0,C673068808,9672.67,1080,17145.04,White List
66ee98903b1574840b4e49d9,1,TRANSFER,281425.06,C310276293,0,C1831477404,247063.16,0,299995.48,White List
66ee98913b1574840b4e49da,1,TRANSFER,18561.23,C1494277749,0,C1629911510,15375.37,0,192136.35,White List
66ee98923b1574840b4e49db,1,TRANSFER,39069.42,C1091107430,0,C22805895,651524.92,0,238390.23,White List
66ee98933b1574840b4e49dc,1,TRANSFER,63186.93,C521342639,0,C1123629720,46393.85,0,150527.05,White List
66ee98943b1574840b4e49dd,1,TRANSFER,419757.69,C2114629072,0,C998351292,1015132.48,0,559328.89,White List
66ee98953b1574840b4e49de,1,TRANSFER,127920.4,C557197074,0,C977993101,965870.05,0,330781.11,White List
66ee98963b1574840b4e49df,1,TRANSFER,11136.72,C669725336,0,C1782580546,27316.83,0,16180.11,White List
66ee98973b1574840b4e49e0,1,TRANSFER,33782.98,C537536188,0,C1973538135,16896.7,0,39134.79,White List
66ee98983b1574840b4e49e1,1,TRANSFER,3776389.09,C197491520,0,C1883840933,16874643.09,0,10138670.86,White List
66ee98993b1574840b4e49e2,1,TRANSFER,1127058.69,C458998685,0,C453211571,3461666.05,0,1517620.71,White List
66ee989a3b1574840b4e49e3,1,TRANSFER,112401.53,C1700421020,0,C1688019098,97263.78,0,259740.13,White List
66ee989b3b1574840b4e49e4,1,TRANSFER,668237.36,C345290829,0,C1789550256,4619798.56,0,2115891.91,White List
66ee989c3b1574840b4e49e5,1,TRANSFER,789419.02,C883678948,0,C1286084959,2107778.11,0,1967540.22,White List
66ee989d3b1574840b4e49e6,1,TRANSFER,569068.84,C1906947271,0,C1782113663,3997768.55,0,1001253.72,White List
66ee989e3b1574840b4e49e7,1,TRANSFER,682894.68,C1177072083,0,C1023714065,1412484.09,0,2079321.97,White List
66ee989f3b1574840b4e49e8,1,TRANSFER,443116.03,C2010070923,0,C564160838,1254956.07,0,1299990.45,White List
66ee98a03b1574840b4e49e9,1,TRANSFER,3942.44,C502891368,0,C1225616405,0,0,25716.56,White List
66ee98a13b1574840b4e49ea,1,TRANSFER,539430.95,C566891420,0,C1750905143,424250.45,0,595549.33,White List
66ee98a23b1574840b4e49eb,1,TRANSFER,598782.65,C577734751,0,C453211571,3461666.05,0,2644679.4,White List
66ee98a33b1574840b4e49ec,1,TRANSFER,600581.61,C752011518,0,C1782113663,3997768.55,0,1570322.56,White List
66ee98a43b1574840b4e49ed,1,TRANSFER,221297.05,C2103569615,0,C1318822808,500631.71,0,595455.57,White List
66ee98a53b1574840b4e49ee,1,TRANSFER,249592.99,C214320652,0,C1318822808,500631.71,0,816752.62,White List
66ee98a63b1574840b4e49ef,1,PAYMENT,5170.23,C1379207867,179610.77,M1746578747,0,184781,0,White List
66ee98a73b1574840b4e49f0,1,PAYMENT,8553.73,C443491171,60850.27,M606593028,0,69404,0,White List
66ee98a83b1574840b4e49f1,1,CASH_OUT,9980.32,C1589466857,2955.68,C1018298342,9980.32,12936,0,White List
66ee98a93b1574840b4e49f2,1,PAYMENT,11982.62,C1676888944,10403.38,M6559830,0,22386,0,White List
66ee98aa3b1574840b4e49f3,1,DEBIT,2763.95,C458817438,57485.05,C846947180,12901.08,60249,10137.14,White List
66ee98ab3b1574840b4e49f4,1,CASH_OUT,265763.02,C795273218,0,C985934102,971418.91,57485.05,1784963.53,White List
66ee98ac3b1574840b4e49f5,1,PAYMENT,2364.01,C1454870101,29027.99,M1982958205,0,31392,0,White List
66ee98ad3b1574840b4e49f6,1,PAYMENT,1432.47,C709439274,5669.53,M846718105,0,7102,0,White List
66ee98af3b1574840b4e49f7,1,PAYMENT,233.76,C1482166692,53980.24,M583015088,0,54214,0,White List
66ee98b03b1574840b4e49f8,1,PAYMENT,13259.12,C1091781053,568161.42,M1280128554,0,581420.54,0,White List
66ee98b13b1574840b4e49f9,1,PAYMENT,2364.34,C1409342262,565797.08,M1991724700,0,568161.42,0,White List
66ee98b23b1574840b4e49fa,1,PAYMENT,3903.48,C762509150,7404.52,M145455292,0,11308,0,White List
66ee98b33b1574840b4e49fb,1,TRANSFER,301298.69,C1520491508,0,C662736689,4891090.56,213449,25871.21,White List
66ee98b43b1574840b4e49fc,1,PAYMENT,6623.21,C380616082,0,M744316958,0,1036,0,White List
66ee98b53b1574840b4e49fd,1,DEBIT,1009.43,C2145420209,22312.57,C1531333864,55974.56,23322,476138.03,White List
66ee98b63b1574840b4e49fe,1,PAYMENT,1639.33,C600017090,4272.67,M1215029765,0,5912,0,White List
66ee98b73b1574840b4e49ff,1,PAYMENT,2033.14,C259077766,184558.86,M1962398162,0,186592,0,White List
66ee98b83b1574840b4e4a00,1,TRANSFER,45864.43,C1263391254,0,C85777802,0,10675,42769.62,White List
66ee98b93b1574840b4e4a01,1,PAYMENT,11411.34,C1554086576,79175.66,M1516417700,0,90587,0,White List
66ee98ba3b1574840b4e4a02,1,PAYMENT,23.31,C273777019,45336.69,M891894789,0,45360,0,White List
66ee98bb3b1574840b4e4a03,1,PAYMENT,613.83,C1644864746,0,M766696861,0,368,0,White List
66ee98bc3b1574840b4e4a04,1,PAYMENT,7154.46,C829737737,2960.54,M1296109622,0,10115,0,White List
66ee98bd3b1574840b4e4a05,1,PAYMENT,1091.54,C2061226112,73758.46,M1103017075,0,74850,0,White List
66ee98be3b1574840b4e4a06,1,PAYMENT,3193.99,C1443173326,26798.01,M318794136,0,29992,0,White List
66ee98bf3b1574840b4e4a07,1,PAYMENT,1849.56,C939254952,8576.44,M55755528,0,10426,0,White List
66ee98c03b1574840b4e4a08,1,PAYMENT,4170.82,C2100771791,27080.18,M1835778392,0,31251,0,White List
66ee98c13b1574840b4e4a09,1,PAYMENT,4099.91,C98412281,17162.09,M268599241,0,21262,0,White List
66ee98c23b1574840b4e4a0a,1,PAYMENT,5923.01,C1420810053,133.99,M1736293769,0,6057,0,White List
66ee98c33b1574840b4e4a0b,1,TRANSFER,208376.61,C268379633,0,C716083600,2444985.19,133.99,1541573.96,White List
66ee98c43b1574840b4e4a0c,1,TRANSFER,131033.44,C201392112,0,C1335050193,353532.56,0,141691.68,White List
66ee98c53b1574840b4e4a0d,1,TRANSFER,223848.92,C641664202,0,C1526298704,32092.07,0,249663.72,White List
66ee98c63b1574840b4e4a0e,1,TRANSFER,68332.36,C748975217,0,C1782113663,3997768.55,0,2170904.16,White List
66ee98c73b1574840b4e4a0f,1,TRANSFER,205368.78,C1510087865,0,C985934102,971418.91,0,2050726.55,White List
66ee98c83b1574840b4e4a10,1,TRANSFER,424141.36,C1366722422,0,C2083562754,1186556.81,0,763134.49,White List
66ee98c93b1574840b4e4a11,1,TRANSFER,373185.07,C254918854,0,C401424608,1178808.14,0,430989.2,White List
66ee98ca3b1574840b4e4a12,1,TRANSFER,2258388.15,C12139181,0,C1789550256,4619798.56,0,2784129.27,White List
66ee98cb3b1574840b4e4a13,1,TRANSFER,250968.18,C1251219927,0,C1782113663,3997768.55,0,2239236.52,White List
66ee98cc3b1574840b4e4a14,1,TRANSFER,19772.53,C792488644,0,C2094777811,64259.52,0,44486.99,White List
66ee98cd3b1574840b4e4a15,1,TRANSFER,43023.82,C780843029,0,C660143728,42450.71,0,56750.45,White List
66ee98ce3b1574840b4e4a16,1,TRANSFER,1628887.72,C1739555643,0,C451111351,3940085.21,0,1986951.69,White List
66ee98cf3b1574840b4e4a17,1,TRANSFER,755499.13,C220165304,0,C1262822392,12494367.15,0,8637055.36,White List
66ee98d03b1574840b4e4a18,1,TRANSFER,289203.45,C1094272405,0,C998351292,1015132.48,0,979086.58,White List
66ee98d13b1574840b4e4a19,1,TRANSFER,902485.36,C973604791,0,C392292416,3420103.09,0,2016196.28,White List
66ee98d23b1574840b4e4a1a,1,TRANSFER,351854.11,C564526486,0,C451111351,3940085.21,0,3615839.41,White List
66ee98d33b1574840b4e4a1b,1,TRANSFER,605790.2,C1466558382,0,C401424608,1178808.14,0,804174.27,White List
66ee98d43b1574840b4e4a1c,1,TRANSFER,353312.93,C1551303995,0,C977993101,965870.05,0,458701.51,White List
66ee98d53b1574840b4e4a1d,1,TRANSFER,855931.4,C649630909,0,C1234776885,2025098.66,0,1329839.38,White List
66ee98d63b1574840b4e4a1e,1,TRANSFER,699928.86,C679449777,0,C998351292,1015132.48,0,1268290.04,White List
66ee98d73b1574840b4e4a1f,1,PAYMENT,5886.25,C817054343,23849.03,M1418315639,0,29735.29,0,White List
66ee98d83b1574840b4e4a20,1,TRANSFER,200774.62,C913746983,0,C1810132623,97128.19,23849.03,255089.02,White List
66ee98d93b1574840b4e4a21,1,DEBIT,1088.94,C1660451908,4007.06,C2001112025,0,5096,13100.81,White List
66ee98da3b1574840b4e4a22,1,PAYMENT,3500,C1224064486,100088,M1381857776,0,103588,0,White List
66ee98db3b1574840b4e4a23,1,TRANSFER,109552.96,C1363800072,0,C1360767589,2107965.39,9915.47,1846787.05,White List
66ee98dc3b1574840b4e4a24,1,TRANSFER,59531.87,C1886567481,0,C998351292,1015132.48,0,1968218.89,White List
66ee98dd3b1574840b4e4a25,1,TRANSFER,133637.07,C361571676,0,C306206744,3554299.27,0,1921882.33,White List
66ee98de3b1574840b4e4a26,1,TRANSFER,75752.73,C749100260,0,C1688019098,97263.78,0,372141.66,White List
66ee98df3b1574840b4e4a27,1,TRANSFER,100362.16,C846274760,0,C747464370,1567434.81,0,876637.74,White List
66ee98e03b1574840b4e4a28,1,TRANSFER,191177.92,C1460126155,0,C716083600,2444985.19,0,1749950.57,White List
66ee98e13b1574840b4e4a29,1,TRANSFER,435589.96,C727497138,0,C401424608,1178808.14,0,1409964.46,White List
66ee98e23b1574840b4e4a2a,1,TRANSFER,1950.77,C889422145,0,C614685048,0,0,106511.31,White List
66ee98e33b1574840b4e4a2b,1,TRANSFER,2223005.62,C248483913,0,C248609774,6453430.91,0,3831539.16,White List
66ee98e43b1574840b4e4a2c,1,TRANSFER,902505.61,C1731137986,0,C932583850,2719172.89,0,1571970.16,White List
66ee98e53b1574840b4e4a2d,1,TRANSFER,1201716.66,C695248316,0,C665576141,5515763.34,0,4139387.14,White List
66ee98e63b1574840b4e4a2e,1,TRANSFER,494972.01,C5255258,0,C1234776885,2025098.66,0,2185770.78,White List
66ee98e73b1574840b4e4a2f,1,TRANSFER,1417001.19,C1928312257,0,C306206744,3554299.27,0,2055519.4,White List
66ee98e83b1574840b4e4a30,1,PAYMENT,3445.96,C1834031967,5130.04,M1092619788,0,8576,0,White List
66ee98e93b1574840b4e4a31,1,PAYMENT,2650.82,C1089680530,462.18,M1337835760,0,3113,0,White List
66ee98ea3b1574840b4e4a32,1,PAYMENT,2073.2,C718512571,19290.55,M1807911555,0,21363.74,0,White List
66ee98eb3b1574840b4e4a33,1,CASH_OUT,319825.94,C843867341,0,C564160838,1254956.07,19290.55,1743106.48,White List
66ee98ec3b1574840b4e4a34,1,CASH_OUT,129431.13,C324507700,0,C747464370,1567434.81,0,976999.9,White List
66ee98ed3b1574840b4e4a35,1,CASH_OUT,105351.94,C616443292,0,C401424608,1178808.14,0,1845554.42,White List
66ee98ee3b1574840b4e4a36,1,CASH_OUT,38167,C1540832538,0,C488044861,5203.54,0,82599.36,White List
66ee98ef3b1574840b4e4a37,1,CASH_OUT,4682.74,C183259297,0,C195600860,40348.79,0,27134.6,White List
66ee98f03b1574840b4e4a38,1,DEBIT,1280.14,C626393072,13878.86,C1112414583,67762.92,15159,11898,White List
66ee98f13b1574840b4e4a39,1,DEBIT,3039.84,C1892869131,149769.16,C33524623,1517262.16,152809,2079710.62,White List
66ee98f23b1574840b4e4a3a,1,PAYMENT,5998,C302987494,0,M2047744862,0,164,0,White List
66ee98f33b1574840b4e4a3b,1,PAYMENT,4273,C1882116496,0,M389779746,0,0,0,White List
66ee98f43b1574840b4e4a3c,1,PAYMENT,3637.13,C2081964843,0,M1984328477,0,0,0,White List
66ee98f53b1574840b4e4a3d,1,PAYMENT,892.53,C1893899796,29105.47,M991671211,0,29998,0,White List
66ee98f63b1574840b4e4a3e,1,PAYMENT,10707.6,C94682872,31788.4,M1086323658,0,42496,0,White List
66ee98f73b1574840b4e4a3f,1,PAYMENT,6380.75,C608817143,25407.65,M1118414398,0,31788.4,0,White List
66ee98f83b1574840b4e4a40,1,TRANSFER,271161.74,C1658487789,0,C1219161283,0,0,0,White List
66ee98f93b1574840b4e4a41,1,TRANSFER,274108.4,C1568949719,0,C564160838,1254956.07,0,2062932.43,White List
66ee98fa3b1574840b4e4a42,1,DEBIT,2676.97,C936906727,91874.03,C824208363,0,94551,54856.21,White List
66ee98fb3b1574840b4e4a43,1,PAYMENT,7512.61,C944752500,13061.39,M238874235,0,20574,0,White List
66ee98fc3b1574840b4e4a44,1,PAYMENT,8612.28,C1911138454,129361.72,M112797307,0,137974,0,White List
66ee98fd3b1574840b4e4a45,1,PAYMENT,413.4,C1082865087,55823.63,M699221219,0,56237.03,0,White List
66ee98fe3b1574840b4e4a46,1,PAYMENT,6794.39,C364704856,49029.24,M1526305386,0,55823.63,0,White List
66ee98ff3b1574840b4e4a47,1,PAYMENT,9247.18,C1137078855,0,M1027200,0,5582,0,White List
66ee99003b1574840b4e4a48,1,PAYMENT,2821.51,C1919125229,0,M1688150025,0,0,0,White List
66ee99013b1574840b4e4a49,1,TRANSFER,378703.81,C347808407,0,C838411509,22774.25,31813,6353.62,White List
66ee99023b1574840b4e4a4a,1,PAYMENT,9818.95,C1773008684,0,M127356954,0,151,0,White List
66ee99033b1574840b4e4a4b,1,PAYMENT,13268.46,C437630857,0,M1475842502,0,5881.44,0,White List
66ee99043b1574840b4e4a4c,1,CASH_IN,378896.52,C1365575811,378896.52,C306206744,3554299.27,0,3472520.59,White List
66ee99053b1574840b4e4a4d,1,CASH_IN,65671.39,C1817154869,444567.92,C716083600,2444985.19,378896.52,1941128.49,White List
66ee99063b1574840b4e4a4e,1,CASH_IN,35492.2,C1540476618,480060.12,C2050019814,0,444567.92,377569.57,White List
66ee99073b1574840b4e4a4f,1,CASH_IN,18510.43,C818093527,498570.55,C2089016471,34361.39,480060.12,20801,White List
66ee99083b1574840b4e4a50,1,CASH_IN,83587.86,C1234905692,582158.41,C1219161283,0,498570.55,271161.74,White List
66ee99093b1574840b4e4a51,1,CASH_IN,62455.76,C1500379239,644614.17,C1359044626,16518.36,582158.41,171158.16,White List
66ee990a3b1574840b4e4a52,1,CASH_IN,44708.03,C203409950,689322.19,C97730845,9940339.29,644614.17,51569.17,White List
66ee990b3b1574840b4e4a53,1,CASH_IN,343189.13,C605705199,1032511.32,C1816757085,10681238.79,689322.19,8906586.96,White List
66ee990c3b1574840b4e4a54,1,CASH_IN,60215.46,C876823802,1092726.78,C367746789,0,1032511.32,83172.04,White List
66ee990d3b1574840b4e4a55,1,CASH_IN,235288.68,C47918293,1328015.46,C306206744,3554299.27,1092726.78,3093624.06,White List
66ee990e3b1574840b4e4a56,1,CASH_IN,206955.99,C1894144426,1534971.46,C998351292,1015132.48,1328015.46,2027750.76,White List
66ee990f3b1574840b4e4a57,1,CASH_IN,383446.61,C102103410,1918418.07,C564160838,1254956.07,1534971.46,2337040.82,White List
66ee99103b1574840b4e4a58,1,CASH_IN,145095.94,C677317086,2063514.01,C2083562754,1186556.81,1918418.07,1187275.85,White List
66ee99113b1574840b4e4a59,1,CASH_IN,300632.87,C1933129092,2364146.87,C838411509,22774.25,2063514.01,385057.43,White List
66ee99123b1574840b4e4a5a,1,CASH_IN,119081.76,C827328832,2483228.64,C1023714065,1412484.09,2364146.87,2762216.66,White List
66ee99133b1574840b4e4a5b,1,CASH_IN,203148.34,C405252209,2686376.98,C1750905143,424250.45,2483228.64,1134980.28,White List
66ee99143b1574840b4e4a5c,1,CASH_IN,104335.07,C1223050066,2790712.05,C716083600,2444985.19,2686376.98,1875457.1,White List
66ee99153b1574840b4e4a5d,1,CASH_IN,251482.63,C1917442783,3042194.68,C1023714065,1412484.09,2790712.05,2643134.89,White List
66ee99163b1574840b4e4a5e,1,CASH_IN,92784.06,C1130551263,3134978.74,C1761291320,22233.65,3042194.68,119296.99,White List
66ee99173b1574840b4e4a5f,1,CASH_IN,21670.38,C1713605602,3156649.13,C215145189,1891.79,3134978.74,54530.44,White List
66ee99183b1574840b4e4a60,1,CASH_IN,175443.85,C472234151,3332092.98,C392292416,3420103.09,3156649.13,2918681.63,White List
66ee99193b1574840b4e4a61,1,CASH_IN,226031.29,C537265886,3558124.26,C564160838,1254956.07,3332092.98,1953594.21,White List
66ee991a3b1574840b4e4a62,1,CASH_IN,234052.7,C1963974958,3792176.96,C1060830840,130747.56,3558124.26,751734.62,White List
